{
  "total_return": 0.06628547305736188,
  "annual_return": 0.10076852521183599,
  "max_drawdown": -0.0935569125496693,
  "sharpe_ratio": 0.5450426478162393,
  "benchmark_return": 0.03006436513231936,
  "alpha": 0.03622110792504252,
  "win_rate": 0.6666666666666666,
  "n_days": 244.0,
  "n_trades": 54.0
}